calculateDistance,good,AOIS_103,AOIS_105,AOIS_106,AOIS_107,AOIS_109,AOIS_89,AORB_69,AORB_70,AORB_71,AORB_72,AORB_73,AORB_74,AORB_75,AORB_76,ASRS_10,ASRS_12,ASRS_9,COI_2,LOI_28
calculateDistance,exc,AOIS_103,AOIS_107,AOIS_109,AOIS_89,AORB_74,AORB_75,AORB_76,ASRS_10,ASRS_12,ASRS_9,COI_2,LOI_28
calculateDistance,inc,AOIS_103,AOIS_109,AOIS_89,AORB_74,AORB_75,AORB_76,ASRS_10,ASRS_12,ASRS_9,COI_2,LOI_28
calculateDistance,mul,AOIS_103,AOIS_105,AOIS_106,AOIS_107,AOIS_109,AORB_69,AORB_70,AORB_71,AORB_73,AORB_74,AORB_75,AORB_76,ASRS_10,ASRS_12,ASRS_9,COI_2,LOI_28
calculateDistance,inv,AOIS_105,AOIS_106,AOIS_107,AOIS_109,AORB_70,AORB_72,AORB_73,AORB_74,AORB_75,AORB_76,ASRS_10,ASRS_12,ASRS_9,COI_2,LOI_28
findGyrationRadius,good,AOIS_173,AOIS_175,AOIS_189,AOIS_199,AOIS_203,AOIS_205,AOIS_206,AOIS_207,AOIS_208,AOIS_213,AOIS_214,AOIS_215,AOIS_216,AOIS_218,AOIS_221,AOIS_222,AOIU_37,AORB_113,AORB_114,AORB_115,AORB_116,AORB_117,AORB_118,AORB_119,AORB_120,AORB_121,AORB_122,AORB_123,AORB_124,AORB_127,AORB_128,AORB_131,AORB_132,AORB_133,AORB_139,AORB_140,AORB_146,AORB_147,AORB_149,AORB_151,AORB_152,AORB_153,AORB_154,AORB_155,AORB_156,AORB_157,AORB_158,AORB_159,AORB_160,ASRS_14,COI_4,COI_5,LOI_53,LOI_56
findGyrationRadius,inc,AOIS_173,AOIS_199,AOIS_203,AOIS_205,AOIS_206,AOIS_207,AOIS_208,AOIS_213,AOIS_214,AOIS_215,AOIS_216,AOIS_218,AOIS_221,AOIS_222,AOIU_37,AORB_113,AORB_114,AORB_115,AORB_116,AORB_117,AORB_118,AORB_119,AORB_120,AORB_121,AORB_122,AORB_123,AORB_124,AORB_127,AORB_128,AORB_131,AORB_132,AORB_133,AORB_139,AORB_140,AORB_147,AORB_156,AORB_157,AORB_158,AORB_160,ASRS_14,COI_4,COI_5,LOI_53,LOI_56
findGyrationRadius,exc,AOIS_173,AOIS_199,AOIS_203,AOIS_205,AOIS_206,AOIS_207,AOIS_208,AOIS_213,AOIS_214,AOIS_215,AOIS_216,AOIS_218,AOIS_221,AOIS_222,AOIU_37,AORB_113,AORB_114,AORB_115,AORB_116,AORB_117,AORB_118,AORB_119,AORB_120,AORB_121,AORB_122,AORB_123,AORB_124,AORB_127,AORB_128,AORB_131,AORB_132,AORB_133,AORB_139,AORB_140,AORB_146,AORB_147,AORB_156,AORB_157,AORB_158,AORB_160,ASRS_14,COI_4,COI_5,LOI_53,LOI_56
scatterSample,good,AODU_1,AOIS_10,AOIS_11,AOIS_12,AOIS_13,AOIS_14,AOIS_15,AOIS_16,AOIS_17,AOIS_18,AOIS_19,AOIS_27,AOIS_28,AOIS_3,AOIS_30,AOIS_31,AOIS_35,AOIS_36,AOIS_37,AOIS_38,AOIS_4,AOIS_43,AOIS_47,AOIS_48,AOIS_49,AOIS_5,AOIS_50,AOIS_51,AOIS_52,AOIS_53,AOIS_54,AOIS_57,AOIS_59,AOIS_6,AOIS_61,AOIS_62,AOIS_63,AOIS_64,AOIS_65,AOIS_66,AOIS_68,AOIS_7,AOIS_71,AOIS_72,AOIS_73,AOIS_74,AOIS_75,AOIS_76,AOIS_79,AOIS_8,AOIS_80,AOIS_81,AOIS_82,AOIS_83,AOIS_84,AOIS_9,AOIU_10,AOIU_11,AOIU_13,AOIU_14,AOIU_2,AOIU_3,AOIU_6,AOIU_7,AORB_1,AORB_10,AORB_11,AORB_12,AORB_13,AORB_14,AORB_15,AORB_16,AORB_17,AORB_18,AORB_19,AORB_2,AORB_20,AORB_21,AORB_23,AORB_24,AORB_25,AORB_26,AORB_27,AORB_28,AORB_29,AORB_3,AORB_30,AORB_31,AORB_32,AORB_33,AORB_34,AORB_35,AORB_36,AORB_37,AORB_38,AORB_39,AORB_4,AORB_40,AORB_41,AORB_42,AORB_43,AORB_44,AORB_45,AORB_46,AORB_47,AORB_48,AORB_49,AORB_5,AORB_50,AORB_51,AORB_52,AORB_53,AORB_54,AORB_55,AORB_56,AORB_57,AORB_58,AORB_59,AORB_6,AORB_60,AORB_61,AORB_62,AORB_63,AORB_64,AORB_65,AORB_66,AORB_67,AORB_68,AORB_7,AORB_8,AORB_9,ASRS_1,ASRS_2,ASRS_4,ASRS_5,ASRS_6,ASRS_8,COI_1,LOI_7
scatterSample,per,AODU_1,AOIS_10,AOIS_11,AOIS_12,AOIS_13,AOIS_14,AOIS_15,AOIS_16,AOIS_17,AOIS_18,AOIS_19,AOIS_27,AOIS_28,AOIS_3,AOIS_30,AOIS_31,AOIS_35,AOIS_36,AOIS_37,AOIS_38,AOIS_4,AOIS_43,AOIS_47,AOIS_48,AOIS_49,AOIS_5,AOIS_50,AOIS_51,AOIS_52,AOIS_53,AOIS_54,AOIS_57,AOIS_59,AOIS_6,AOIS_61,AOIS_62,AOIS_63,AOIS_64,AOIS_65,AOIS_66,AOIS_68,AOIS_7,AOIS_73,AOIS_74,AOIS_75,AOIS_76,AOIS_8,AOIS_81,AOIS_82,AOIS_83,AOIS_84,AOIS_9,AOIU_10,AOIU_11,AOIU_13,AOIU_14,AOIU_2,AOIU_3,AOIU_6,AOIU_7,AORB_1,AORB_10,AORB_11,AORB_12,AORB_13,AORB_14,AORB_15,AORB_16,AORB_17,AORB_18,AORB_19,AORB_2,AORB_20,AORB_21,AORB_23,AORB_24,AORB_25,AORB_26,AORB_27,AORB_28,AORB_29,AORB_3,AORB_30,AORB_31,AORB_32,AORB_33,AORB_34,AORB_35,AORB_36,AORB_37,AORB_38,AORB_39,AORB_4,AORB_40,AORB_41,AORB_42,AORB_43,AORB_44,AORB_45,AORB_46,AORB_47,AORB_48,AORB_49,AORB_5,AORB_50,AORB_51,AORB_52,AORB_53,AORB_54,AORB_55,AORB_58,AORB_59,AORB_6,AORB_60,AORB_62,AORB_63,AORB_66,AORB_67,AORB_68,AORB_7,AORB_8,ASRS_1,ASRS_2,ASRS_4,ASRS_5,ASRS_6,ASRS_8

calculateDistance,findGyrationRadius,scatterSample,Total
No. of mutants used,19,54,139,212
Killed by MT (using all MRs),19,45,127,191
Killed percentage,100,83.3333333333333,91.3669064748201,90.0943396226415


Predicted MRs
calculateDistance,inc,exc,mul,inv
findGyrationRadius,inc (killed: 44),exc (killed: 50)
scatterSample
